date,SP01,SP02,SP03,SP04,SP05,WS01,WS02,WS03
2020.09.15 00:30,17.19,0.59,8.07,2.15,3.13,1.37,4.69,0.79
2020.09.15 00:31,2.94,4.69,11.91,14.07,14.23,2.54,2.93,1.54
2020.09.15 00:32,2.36,2.35,3.13,1.56,0.98,3.13,15.63,3.72
2020.09.15 00:33,4.82,2.35,1.92,2.54,2.54,2.54,7.88,2.71
2020.09.15 00:34,6.06,2.88,2.18,0.98,3.46,3.71,2.50,1.58
2020.09.15 00:35,2.93,0.98,3.53,1.15,2.31,2.31,11.35,1.16
2020.09.15 00:36,2.93,4.69,10.36,13.48,11.53,1.54,2.35,5.00
2020.09.15 00:37,2.12,1.57,14.94,1.17,11.73,31.15,4.50,2.12
2020.09.15 00:38,3.65,0.59,0.59,0.77,1.57,3.91,1.56,3.66
2020.09.15 00:39,17.50,1.34,0.40,0.39,10.16,2.35,2.35,3.08
2020.09.15 00:40,3.71,2.35,1.76,2.35,1.97,4.10,2.35,1.54
2020.09.15 00:41,4.69,4.23,9.85,13.28,15.00,2.74,1.57,0.96
2020.09.15 00:42,2.70,3.85,2.74,1.12,1.57,17.78,3.71,6.82
2020.09.15 00:43,2.35,1.56,0.57,1.37,1.57,3.08,2.31,5.67
2020.09.15 00:44,2.69,0.58,1.18,0.98,2.89,1.92,4.10,6.54
2020.09.15 00:47,2.50,5.08,1.18,0.38,4.69,2.54,19.34,8.26
2020.09.15 00:48,4.89,2.35,1.73,1.54,1.15,3.91,0.58,0.56
2020.09.15 00:49,12.91,2.15,2.35,2.15,11.15,0.77,0.59,3.08
2020.09.15 00:50,3.32,1.92,2.88,4.04,3.13,1.57,1.76,4.90
2020.09.15 00:50,3.32,1.92,2.88,4.04,3.13,1.57,9.57,4.90
2020.09.15 00:51,3.72,5.00,9.57,13.27,13.68,2.74,1.96,5.96
2020.09.15 00:51,3.72,5.00,9.57,13.27,13.68,2.74,0.59,5.96
2020.09.15 00:52,4.30,3.65,2.69,2.35,27.94,3.85,0.00,2.54
2020.09.15 00:52,4.30,3.65,2.69,2.35,27.94,3.85,2.11,2.54
2020.09.15 00:53,3.91,3.52,2.07,3.32,6.73,2.12,1.93,2.35
2020.09.15 00:54,2.16,0.79,0.59,2.93,2.12,1.96,1.76,1.76
2020.09.15 00:55,3.53,0.78,1.37,17.39,2.74,5.86,2.31,0.59
2020.09.15 00:56,3.92,4.04,11.73,14.04,15.04,1.94,1.15,8.40
2020.09.15 00:57,2.15,1.95,1.32,2.54,15.04,0.39,2.31,2.12
2020.09.15 00:58,1.57,2.35,2.35,1.76,1.57,1.57,2.11,4.81
2020.09.15 00:59,7.82,1.96,1.76,2.15,17.19,2.55,2.94,9.23
2020.09.15 01:00,0.40,1.37,3.46,1.37,3.91,0.79,1.55,2.11
2020.09.15 01:06,0.78,3.85,10.40,13.27,24.73,1.37,3.33,5.97
2020.09.15 01:07,3.72,2.35,2.35,1.54,2.50,15.96,2.09,10.59
2020.09.15 01:08,1.37,0.98,2.54,1.37,8.01,1.73,1.37,4.89
2020.09.15 01:09,13.85,5.28,4.30,1.93,13.09,0.98,4.11,6.64
2020.09.15 01:10,5.08,2.50,3.13,1.17,0.57,0.98,2.30,20.90
2020.09.15 01:11,4.10,3.71,15.77,15.58,14.85,3.91,2.74,6.45
2020.09.15 01:12,5.08,3.33,2.89,14.23,2.74,1.76,3.41,7.04
2020.09.15 01:13,12.69,1.17,0.78,11.73,1.96,2.31,3.72,5.49
2020.09.15 01:13,12.69,1.17,0.78,11.73,1.96,2.31,3.72,5.49
2020.09.15 01:14,1.73,2.74,0.59,2.07,4.23,2.69,1.18,5.87
2020.09.15 01:14,1.73,2.74,0.59,2.07,4.23,1.95,1.18,5.87
2020.09.15 01:15,4.05,2.35,4.21,2.69,17.70,2.15,2.74,6.71
2020.09.15 01:16,2.35,5.96,8.62,27.15,13.08,3.52,4.89,18.56
2020.09.15 01:17,1.76,4.23,13.33,1.57,1.53,1.73,1.57,9.62
2020.09.15 01:18,2.93,1.17,16.23,6.25,14.61,6.06,2.15,8.40
2020.09.15 01:19,17.69,0.77,3.91,1.37,13.27,1.76,1.54,12.11
2020.09.15 01:20,2.75,0.78,1.52,1.34,0.59,15.96,0.91,5.67
2020.09.15 01:21,3.54,2.93,10.35,14.26,12.19,2.50,2.88,9.98
2020.09.15 01:22,3.13,1.96,2.16,1.96,1.51,1.96,3.52,2.87
2020.09.15 01:23,5.87,0.98,0.38,0.78,3.27,0.98,1.57,5.28
2020.09.15 01:24,2.74,1.18,0.58,0.77,4.49,16.91,1.37,4.11
2020.09.15 01:25,16.03,0.96,1.18,1.37,0.79,0.98,1.96,2.88
2020.09.15 01:26,26.77,3.85,23.47,14.04,13.87,0.98,3.13,15.05
2020.09.15 01:27,14.02,4.42,1.81,0.58,1.37,0.59,0.98,2.68
2020.09.15 01:28,21.68,1.73,2.11,0.77,1.76,20.39,2.76,2.81
2020.09.15 01:29,15.43,2.69,3.33,1.54,23.83,1.76,1.14,2.15
2020.09.15 01:29,15.43,2.69,3.33,1.54,23.83,1.76,1.34,2.15
2020.09.15 01:30,2.17,1.92,3.84,28.32,2.15,3.13,3.48,3.72
2020.09.15 01:30,2.17,1.92,3.84,28.32,2.15,3.13,3.91,3.72
2020.09.15 01:31,6.45,5.19,10.55,13.67,15.96,3.26,2.31,3.52
2020.09.15 01:31,6.45,5.19,10.55,13.67,15.96,3.26,3.13,3.52
2020.09.15 01:32,2.45,1.56,2.74,0.77,2.23,1.17,2.74,3.39
2020.09.15 01:32,2.45,1.56,2.74,0.77,2.23,1.17,2.89,3.39
2020.09.15 01:33,5.28,1.54,0.39,6.92,2.93,3.65,3.91,4.32
2020.09.15 01:33,5.28,1.54,0.39,6.92,2.93,3.65,3.73,4.32
2020.09.15 01:34,4.43,1.37,1.57,1.76,1.57,1.96,1.76,2.55
2020.09.15 01:35,3.73,8.40,2.95,2.14,3.52,4.23,1.92,1.98
2020.09.15 01:36,6.07,16.15,23.52,25.19,13.49,3.85,15.44,1.92
2020.09.15 01:37,1.96,2.11,1.17,1.17,1.76,2.15,0.96,1.14
2020.09.15 01:38,11.73,1.73,0.98,7.68,1.56,6.64,0.76,1.57
2020.09.15 01:42,15.43,12.11,5.86,4.11,2.54,3.32,13.87,1.93
2020.09.15 01:43,10.94,0.96,28.78,1.16,1.17,5.00,6.26,2.74
2020.09.15 01:44,2.55,1.76,2.31,3.72,2.87,3.66,2.94,2.89
2020.09.15 01:45,2.15,2.50,1.37,0.98,0.98,1.37,1.18,2.55
2020.09.15 01:46,3.91,16.41,20.14,32.03,19.15,3.32,2.88,4.40
2020.09.15 01:47,20.90,1.37,1.57,1.35,1.92,0.98,0.79,19.22
2020.09.15 01:48,15.84,1.73,1.95,1.76,5.58,1.96,4.69,4.80
2020.09.15 01:49,2.35,1.35,2.93,2.89,9.77,0.20,0.98,1.34
2020.09.15 01:50,1.54,2.31,1.37,2.69,3.71,9.77,3.91,5.00
2020.09.15 01:51,4.24,5.38,11.15,12.71,13.67,1.16,0.77,1.50
2020.09.15 01:52,13.09,2.54,0.38,0.59,0.59,14.42,4.10,1.18
2020.09.15 01:53,4.50,0.39,1.96,1.18,3.82,2.74,1.37,1.93
2020.09.15 01:54,2.93,3.46,0.79,11.18,4.42,1.37,2.94,3.91
2020.09.15 01:55,12.50,10.39,2.69,0.98,0.78,1.96,1.37,0.40
2020.09.15 01:56,9.77,3.85,11.92,12.89,13.66,1.76,1.57,2.93
2020.09.15 01:57,7.31,1.37,2.15,4.23,1.15,2.89,4.31,0.79
2020.09.15 01:58,11.72,3.13,0.40,0.96,1.37,0.98,1.37,0.17
2020.09.15 01:59,1.96,1.54,3.13,1.76,8.26,1.18,0.59,1.56
2020.09.15 02:00,4.30,7.03,1.92,0.96,1.57,2.10,1.37,1.70
2020.09.15 02:00,26.79,7.03,1.92,0.96,1.57,2.10,1.37,1.70
2020.09.15 02:00,26.79,7.03,1.92,0.96,1.57,2.10,1.37,1.70
2020.09.15 02:01,3.92,3.84,11.34,30.47,17.39,2.89,1.15,1.37
2020.09.15 02:01,7.04,3.84,11.34,30.47,17.39,2.89,1.15,1.37
2020.09.15 02:01,7.04,3.84,11.34,30.47,17.39,2.89,1.15,1.37
2020.09.15 02:02,3.33,3.32,0.59,1.57,1.16,7.69,0.96,0.58
2020.09.15 02:02,3.33,3.32,0.59,1.57,1.16,7.69,0.96,0.58
2020.09.15 02:02,2.74,3.32,0.59,1.57,1.16,7.69,0.96,0.58
2020.09.15 02:03,6.06,0.39,1.17,2.69,14.26,3.65,4.30,2.15
2020.09.15 02:03,11.92,0.39,1.17,2.69,14.26,3.65,4.30,2.15
2020.09.15 02:03,11.92,0.39,1.17,2.69,14.26,3.65,4.30,2.15
2020.09.15 02:04,9.57,0.77,0.98,13.84,0.95,2.35,1.18,0.79
2020.09.15 02:05,3.71,1.96,3.52,2.94,2.69,3.46,1.37,2.12
2020.09.15 02:06,0.39,1.92,41.48,27.95,13.87,3.32,3.13,5.29
2020.09.15 02:06,0.39,3.28,41.48,27.95,13.87,3.32,3.13,5.29
2020.09.15 02:07,15.39,1.54,2.93,2.93,5.28,8.29,3.65,3.13
2020.09.15 02:07,15.39,2.88,2.93,2.93,5.28,8.29,3.65,3.13
2020.09.15 02:08,5.28,2.93,1.37,3.71,0.59,1.15,0.39,0.98
2020.09.15 02:09,16.54,2.50,2.35,1.96,13.09,5.28,1.57,2.15
2020.09.15 02:10,1.31,2.50,1.51,1.77,1.19,1.57,1.56,3.83
2020.09.15 02:11,10.96,4.42,22.87,13.85,13.46,1.96,1.35,3.65
2020.09.15 02:12,3.52,2.31,0.58,2.68,0.59,0.77,0.98,0.77
2020.09.15 02:13,4.30,0.77,0.59,0.98,1.73,2.35,3.62,1.68
2020.09.15 02:14,0.98,33.85,2.15,3.46,2.31,1.53,0.59,1.35
2020.09.15 02:15,3.13,0.58,3.13,2.35,8.60,1.56,3.45,1.19
2020.09.15 02:16,3.33,5.00,25.00,13.77,15.77,2.54,4.50,2.50
2020.09.15 02:17,5.28,1.96,5.08,3.46,2.74,1.76,3.27,21.61
2020.09.15 02:18,17.39,1.37,0.39,7.70,3.71,4.10,16.61,1.77
2020.09.15 02:19,16.22,1.37,0.78,4.89,8.01,6.92,0.34,0.38
2020.09.15 02:20,0.98,15.82,0.59,1.76,1.96,2.31,2.93,1.76
2020.09.15 02:21,18.36,4.30,16.35,14.06,18.95,3.13,3.33,7.82
2020.09.15 02:22,3.13,4.42,1.18,1.76,3.52,4.30,1.73,1.92
2020.09.15 02:23,3.13,15.24,4.60,1.35,2.12,0.78,5.39,0.98
2020.09.15 02:24,0.98,1.76,1.17,0.98,3.59,5.86,0.59,1.76
2020.09.15 02:25,3.07,0.98,1.57,1.96,1.17,1.53,1.38,0.57
2020.09.15 02:26,1.18,5.77,34.42,13.85,12.51,4.50,1.18,1.57
2020.09.15 02:27,16.80,1.73,1.17,1.93,2.35,5.96,0.97,3.71
2020.09.15 02:28,3.91,1.71,1.76,2.35,3.33,5.47,2.35,4.61
2020.09.15 02:29,15.24,2.35,0.44,1.37,10.58,3.71,1.18,0.41
2020.09.15 02:30,4.89,0.78,0.27,0.96,2.12,1.37,0.58,19.19
2020.09.15 02:31,4.89,8.85,32.88,13.85,14.42,3.52,5.77,3.91
2020.09.15 02:32,16.80,2.31,4.30,1.56,1.35,0.39,0.78,0.58
2020.09.15 02:33,2.35,5.86,2.15,1.17,17.58,15.19,2.48,13.26
2020.09.15 02:34,4.11,1.54,0.01,0.98,1.69,9.42,1.35,0.58
2020.09.15 02:35,3.52,2.74,2.15,2.13,1.54,14.23,1.34,5.28
2020.09.15 02:36,1.56,4.81,14.07,12.50,14.65,3.61,0.99,3.25
2020.09.15 02:37,1.76,14.85,9.18,1.96,1.35,4.04,6.06,1.58
2020.09.15 02:38,3.91,2.31,1.54,1.16,1.37,4.04,0.59,1.96
2020.09.15 02:39,16.02,1.57,2.15,1.73,9.81,2.54,1.57,1.96
2020.09.15 02:40,2.93,2.35,1.37,1.77,1.18,1.34,0.77,14.85
2020.09.15 02:41,3.33,16.02,24.42,13.89,20.12,5.19,1.57,4.23
2020.09.15 02:42,14.07,1.95,1.16,2.94,1.96,11.92,0.98,0.96
2020.09.15 02:43,2.95,3.27,2.15,0.79,1.73,2.74,3.91,0.98
2020.09.15 02:44,14.46,0.78,1.57,8.47,1.37,1.18,2.55,2.84
2020.09.15 02:45,14.07,2.50,2.15,1.01,12.11,2.35,2.32,1.49
2020.09.15 02:46,4.89,5.58,22.50,15.77,12.89,1.74,3.92,6.14
2020.09.15 02:47,1.96,1.54,1.34,0.96,1.76,4.23,1.37,8.23
2020.09.15 02:48,3.72,2.35,18.27,2.93,2.31,6.35,4.62,4.11
2020.09.15 02:49,17.19,0.78,0.98,1.18,9.23,2.74,13.48,1.58
2020.09.15 02:50,14.07,2.15,1.17,2.54,14.61,3.32,3.08,1.96
2020.09.15 02:51,1.76,4.62,30.47,14.26,28.32,3.85,3.13,0.58
2020.09.15 02:52,16.73,2.89,1.95,1.96,1.56,4.49,11.92,1.57
2020.09.15 02:53,4.30,2.93,1.18,13.09,8.08,4.61,14.43,3.55
2020.09.15 02:54,13.36,7.89,5.68,1.18,1.65,14.85,1.38,1.57
2020.09.15 02:55,3.91,1.16,0.77,1.56,0.98,5.67,0.58,1.29
2020.09.15 02:56,4.10,16.92,13.44,13.68,14.45,1.35,1.96,1.70
2020.09.15 02:57,14.07,4.43,4.11,0.79,0.39,2.74,1.76,1.18
2020.09.15 02:58,4.30,1.35,4.30,0.78,1.73,1.37,3.13,5.56
2020.09.15 02:59,24.61,13.87,1.18,2.35,12.50,1.96,12.69,4.11
2020.09.15 03:00,3.71,0.96,2.74,1.73,0.59,2.31,14.65,5.76
2020.09.15 03:01,2.12,4.23,11.14,32.42,14.62,1.92,3.85,5.21
2020.09.15 03:02,27.35,2.89,0.39,1.37,1.73,3.27,1.17,5.08
2020.09.15 03:03,13.09,1.56,2.31,2.35,2.89,2.50,5.28,3.82
2020.09.15 03:04,2.34,0.96,1.17,1.35,0.59,3.72,0.20,1.16
2020.09.15 03:05,2.74,1.76,1.72,13.87,3.65,7.03,1.57,3.13
2020.09.15 03:06,4.50,4.39,22.11,29.11,14.23,2.69,1.17,1.16
2020.09.15 03:07,3.91,2.89,2.15,3.32,2.69,4.30,19.14,5.38
2020.09.15 03:08,12.11,2.54,2.89,0.77,1.73,1.37,4.69,0.98
2020.09.15 03:09,13.87,2.88,2.35,34.52,10.39,1.96,19.14,4.33
2020.09.15 03:10,0.96,2.35,1.92,0.77,1.17,2.69,2.55,0.98
2020.09.15 03:11,3.32,5.77,11.93,12.12,12.70,3.08,4.30,22.90
2020.09.15 03:12,16.99,2.15,1.16,1.17,1.17,3.08,1.97,0.57
2020.09.15 03:13,12.31,0.98,0.58,2.54,2.31,2.54,2.88,3.83
2020.09.15 03:14,0.40,0.78,2.93,1.15,1.15,0.98,2.94,1.57
2020.09.15 03:15,7.82,2.31,1.76,1.18,2.30,2.54,2.50,7.23
2020.09.15 03:16,1.37,3.13,9.42,14.26,23.44,1.57,1.16,7.30
2020.09.15 03:17,16.02,3.71,0.98,15.63,4.89,4.11,22.27,5.77
2020.09.15 03:18,2.15,3.41,2.15,1.73,1.76,1.92,2.15,6.66
2020.09.15 03:19,16.41,1.57,0.78,5.58,4.80,1.96,1.92,3.53
2020.09.15 03:20,2.74,1.76,1.35,1.35,1.54,0.59,2.54,5.58
2020.09.15 03:21,2.15,4.49,13.67,13.84,15.39,2.89,1.97,18.91
2020.09.15 03:22,17.19,1.96,3.52,0.98,0.96,1.76,6.92,5.41
2020.09.15 03:23,19.53,1.57,0.20,1.57,4.63,0.77,0.78,0.98
2020.09.15 03:24,3.71,2.50,2.20,2.15,1.35,2.84,2.35,4.11
2020.09.15 03:25,1.73,0.98,0.96,1.16,0.98,3.52,0.79,0.60
2020.09.15 03:26,1.73,5.77,8.46,12.88,13.09,2.54,1.92,1.54
2020.09.15 03:27,4.89,1.54,2.54,2.31,4.69,3.08,2.35,2.15
2020.09.15 03:28,2.94,1.15,1.18,5.28,1.92,3.26,9.61,3.44
2020.09.15 03:29,13.87,10.94,0.57,1.76,6.36,5.47,1.16,0.26
2020.09.15 03:30,17.89,4.30,12.31,12.90,15.39,14.81,31.92,18.58
2020.09.15 03:31,9.38,12.11,34.61,34.81,11.33,23.09,15.04,15.53
2020.09.15 03:32,7.47,4.88,13.46,7.50,11.35,9.58,9.77,16.82
2020.09.15 03:33,5.28,10.36,6.45,8.21,7.43,8.47,10.36,10.16
2020.09.15 03:34,22.31,9.38,10.42,13.85,10.96,6.84,12.89,12.52
2020.09.15 03:35,3.91,14.04,13.41,6.65,9.38,12.11,14.07,8.38
2020.09.15 03:36,11.33,3.83,14.03,17.32,14.04,15.24,3.32,11.71
2020.09.15 03:37,15.04,10.19,3.71,14.26,12.50,15.77,10.19,24.62
2020.09.15 03:38,8.60,11.35,12.50,13.27,14.42,13.28,10.17,13.09
2020.09.15 03:42,22.27,12.12,2.74,11.73,6.25,10.39,13.87,29.50
2020.09.15 03:43,13.87,11.33,1.76,10.19,11.33,8.99,3.66,5.10
2020.09.15 03:44,8.99,18.27,5.38,4.20,13.48,7.43,13.09,13.48
2020.09.15 03:45,9.61,4.42,10.62,13.46,22.12,17.39,10.45,5.37
2020.09.15 03:46,10.96,5.86,22.12,23.27,24.23,5.47,4.69,40.82
2020.09.15 03:47,11.72,1.17,9.77,11.14,12.50,16.99,2.94,8.02
2020.09.15 03:48,12.30,1.95,2.77,8.65,13.28,12.88,11.15,11.74
2020.09.15 03:49,14.26,2.31,9.18,14.03,17.88,14.46,24.04,3.84
2020.09.15 03:50,3.13,2.12,1.16,14.79,12.12,27.31,2.94,13.05
2020.09.15 03:51,12.31,9.23,19.34,25.79,19.73,13.09,20.00,6.92
2020.09.15 03:52,18.27,1.96,10.39,13.07,13.09,16.41,28.52,13.10
2020.09.15 03:53,10.76,2.35,8.60,14.46,12.49,15.20,3.26,13.48
2020.09.15 03:54,9.23,1.73,12.11,13.09,13.66,13.87,4.30,13.68
2020.09.15 03:55,7.04,1.56,12.11,7.43,13.09,16.21,2.74,15.76
2020.09.15 03:56,4.11,5.77,22.85,17.78,23.84,8.85,4.01,9.19
2020.09.15 03:57,9.99,1.76,21.62,4.22,13.26,4.81,6.06,14.46
2020.09.15 03:58,3.52,2.31,9.42,7.62,11.33,15.24,5.47,12.31
2020.09.15 03:59,2.35,0.59,3.13,4.30,9.04,5.86,10.75,42.19
2020.09.15 04:00,1.93,2.55,2.84,4.10,5.77,15.24,4.61,16.21
2020.09.15 04:01,3.71,5.00,28.67,15.39,16.22,9.62,11.72,14.04
2020.09.15 04:02,1.96,3.32,3.72,6.06,4.69,14.62,13.85,13.45
2020.09.15 04:03,3.13,1.96,2.89,6.15,17.00,16.22,12.30,8.60
2020.09.15 04:04,2.54,8.60,3.13,13.28,3.91,15.24,14.61,12.31
2020.09.15 04:05,0.39,1.76,2.15,11.15,3.13,17.69,9.04,2.55
2020.09.15 04:06,3.47,4.69,10.76,18.47,16.02,14.62,12.11,27.27
2020.09.15 04:07,6.64,2.35,2.89,5.87,5.67,16.21,11.13,15.72
2020.09.15 04:08,2.74,2.74,1.37,5.47,2.31,15.01,4.62,11.14
2020.09.15 04:09,0.96,2.15,2.35,3.46,5.67,15.76,17.79,6.49
2020.09.15 04:10,3.46,3.52,2.88,4.89,4.57,15.43,2.15,12.89
2020.09.15 04:11,2.94,6.63,11.15,16.60,14.23,12.31,1.37,20.92
2020.09.15 04:12,15.63,1.54,2.93,7.03,2.11,12.31,2.69,10.36
2020.09.15 04:13,3.85,1.95,3.52,5.79,3.46,15.63,3.46,11.76
2020.09.15 04:13,1.93,1.95,3.52,5.79,3.46,15.63,3.46,11.76
2020.09.15 04:14,3.13,1.56,2.93,11.73,3.65,12.50,14.24,13.10
2020.09.15 04:14,3.52,1.56,2.93,11.73,3.65,12.50,14.24,13.10
2020.09.15 04:15,4.69,4.69,7.23,5.08,3.85,13.67,5.29,11.92
2020.09.15 04:15,10.57,4.69,7.23,5.08,3.85,13.67,5.29,11.92
2020.09.15 04:16,5.28,5.38,22.10,23.65,12.89,14.00,12.50,17.39
2020.09.15 04:17,6.45,13.68,2.17,11.53,12.88,32.83,9.81,13.75
2020.09.15 04:18,2.89,2.93,3.32,11.92,2.74,13.47,4.69,11.33
2020.09.15 04:19,20.32,2.74,6.16,7.71,5.47,16.54,24.03,12.70
2020.09.15 04:20,3.13,2.74,2.15,10.94,2.54,14.07,3.92,16.03
2020.09.15 04:21,4.74,3.26,9.41,24.61,17.19,13.08,10.35,12.70
2020.09.15 04:22,3.13,8.60,2.12,14.06,16.21,6.64,3.13,13.28
2020.09.15 04:23,3.52,8.08,5.67,7.62,5.77,14.61,12.11,12.50
2020.09.15 04:24,4.69,3.08,1.73,11.54,4.43,10.16,28.65,12.97
2020.09.15 04:25,1.37,4.81,2.35,12.70,7.45,16.60,3.08,14.40
2020.09.15 04:26,3.71,9.18,8.60,23.25,25.77,7.82,12.12,25.94
2020.09.15 04:27,3.32,14.26,2.35,12.11,4.49,13.28,2.12,12.54
2020.09.15 04:28,3.32,3.08,1.96,10.55,4.30,12.49,13.16,11.72
2020.09.15 04:29,17.78,4.69,8.61,10.94,11.15,13.67,12.89,12.31
2020.09.15 04:30,3.53,11.15,6.64,11.16,3.65,12.31,32.03,12.49
2020.09.15 04:31,4.99,11.35,14.05,23.05,14.61,14.26,13.09,13.47
2020.09.15 04:32,2.54,5.08,2.74,12.11,9.23,15.82,19.61,12.31
2020.09.15 04:33,1.93,22.85,2.54,8.79,1.56,13.68,12.69,1.57
2020.09.15 04:34,4.49,6.45,0.78,13.29,16.02,15.63,14.26,12.50
2020.09.15 04:35,9.18,7.03,2.50,11.53,2.69,14.81,1.74,10.96
2020.09.15 04:36,3.52,11.13,11.33,22.31,14.65,13.48,14.08,14.66
2020.09.15 04:37,13.28,16.60,2.31,7.62,8.46,14.65,19.61,15.04
2020.09.15 04:38,7.23,8.46,2.35,8.27,1.57,14.46,11.15,11.54
2020.09.15 04:39,29.50,6.54,1.37,9.42,12.89,14.27,9.99,12.32
2020.09.15 04:40,7.42,3.32,1.37,10.39,4.11,16.80,1.17,6.69
2020.09.15 04:41,2.74,5.96,11.14,22.89,15.04,14.85,16.16,14.07
2020.09.15 04:42,7.66,4.23,2.93,10.16,4.49,14.85,13.48,16.21
2020.09.15 04:43,2.55,4.30,4.81,7.88,6.16,15.43,4.23,6.15
2020.09.15 04:44,4.70,5.28,0.98,9.79,21.16,14.62,12.31,14.59
2020.09.15 04:45,3.72,4.30,1.72,11.53,1.56,13.87,10.94,11.51
2020.09.15 04:46,6.25,5.96,22.85,23.34,18.76,14.85,11.74,13.09
2020.09.15 04:47,19.99,6.45,3.26,12.70,6.26,11.92,13.08,12.11
2020.09.15 04:48,6.84,8.21,1.76,12.89,6.16,15.63,25.96,11.93
2020.09.15 04:49,23.63,8.20,3.17,12.31,16.92,7.23,11.34,13.31
2020.09.15 04:50,11.73,11.15,1.18,16.60,10.96,17.69,10.95,14.99
2020.09.15 04:51,5.76,12.70,10.94,25.78,22.86,11.92,6.54,12.39
2020.09.15 04:52,9.18,8.08,2.35,13.46,9.77,25.98,3.27,12.69
2020.09.15 04:53,26.18,10.55,5.19,12.31,5.38,11.73,12.89,13.08
2020.09.15 04:54,8.08,8.65,2.88,12.36,5.67,23.64,13.93,24.11
2020.09.15 04:55,5.86,9.77,3.46,12.11,9.62,38.10,2.74,13.90
2020.09.15 04:56,20.12,12.31,9.24,24.42,25.00,13.87,3.71,6.06
2020.09.15 04:57,8.22,17.97,5.00,12.89,28.84,10.75,1.96,4.05
2020.09.15 04:58,6.15,4.89,1.17,13.09,9.39,11.91,8.60,12.73
2020.09.15 04:59,20.32,10.42,2.12,12.50,12.89,12.12,13.07,12.99
2020.09.15 05:00,3.65,5.77,1.17,10.19,8.02,9.18,14.81,14.80
2020.09.15 05:01,18.08,11.15,14.02,24.22,20.31,11.14,31.84,13.69
2020.09.15 05:02,6.45,8.99,2.15,11.93,9.18,14.43,13.68,10.96
2020.09.15 05:03,5.08,10.35,4.81,11.33,21.68,14.07,12.70,15.00
2020.09.15 05:04,6.54,9.18,7.81,11.34,9.81,1.54,11.35,13.47
2020.09.15 05:05,4.10,3.27,2.12,12.73,8.61,1.57,1.96,19.96
2020.09.15 05:06,11.16,7.23,7.23,22.87,20.32,1.71,12.51,25.81
2020.09.15 05:07,1.37,14.81,3.52,11.91,9.18,6.92,12.89,8.08
2020.09.15 05:08,22.11,8.79,6.15,12.12,11.52,2.54,13.08,15.01
2020.09.15 05:09,21.10,7.03,15.58,12.50,9.19,3.08,13.10,16.60
2020.09.15 05:10,14.26,30.08,14.65,8.84,10.77,1.37,14.23,29.23
2020.09.15 05:11,15.58,14.84,24.03,31.06,20.40,16.99,5.76,9.98
2020.09.15 05:12,9.23,27.54,13.27,11.92,11.33,3.91,21.49,6.13
2020.09.15 05:13,9.19,11.93,36.33,14.26,8.40,6.25,13.28,12.32
2020.09.15 05:14,7.62,6.25,2.35,9.77,8.27,3.71,14.03,5.97
2020.09.15 05:15,19.62,6.64,3.27,13.28,8.66,7.89,16.10,10.40
2020.09.15 05:16,9.42,12.11,16.02,24.43,21.49,1.18,20.38,40.37
2020.09.15 05:17,8.60,8.99,12.69,12.11,9.42,6.07,3.33,12.70
2020.09.15 05:18,8.85,10.55,9.23,12.31,9.66,2.35,13.08,10.75
2020.09.15 05:19,23.05,8.85,11.92,14.65,12.31,19.73,13.87,12.51
2020.09.15 05:20,7.12,8.08,9.42,11.53,9.96,4.50,6.35,13.09
2020.09.15 05:21,7.42,9.62,26.73,24.42,22.85,3.71,8.99,22.69
2020.09.15 05:22,7.42,13.87,8.40,13.09,27.35,6.16,13.25,13.29
2020.09.15 05:23,10.74,8.66,10.16,12.50,9.58,1.37,12.49,12.33
2020.09.15 05:24,6.74,10.55,8.79,13.09,7.11,0.77,21.88,13.82
2020.09.15 05:25,8.07,8.99,7.50,13.09,9.96,4.11,13.35,13.10
2020.09.15 05:26,6.15,10.39,14.85,25.19,19.53,1.95,13.08,13.85
2020.09.15 05:27,6.15,5.96,9.38,14.26,8.08,5.67,9.04,28.13
2020.09.15 05:28,5.47,1.73,6.84,12.70,10.35,3.65,1.17,15.58
2020.09.15 05:29,18.26,1.15,8.21,11.72,15.77,2.54,27.32,13.27
2020.09.15 05:30,7.42,10.19,6.53,12.31,11.72,3.72,13.84,10.95
2020.09.15 05:31,6.84,13.08,12.69,25.39,21.88,1.73,32.05,12.67
2020.09.15 05:32,11.33,13.66,9.96,13.48,1.96,4.11,15.58,10.76
2020.09.15 05:33,6.53,9.57,7.23,15.77,30.96,2.31,7.30,11.14
2020.09.15 05:34,10.55,11.13,6.06,17.58,12.12,1.73,10.77,10.96
2020.09.15 05:35,5.47,11.33,7.42,15.00,14.02,2.12,10.97,11.52
2020.09.15 05:36,3.71,13.09,16.02,24.81,25.00,1.76,11.12,13.25
2020.09.15 05:37,9.05,13.68,6.35,12.89,11.16,1.54,10.77,12.94
2020.09.15 05:38,17.97,11.35,5.87,14.42,13.08,15.39,12.69,4.69
2020.09.15 05:39,20.71,10.96,6.45,11.93,18.08,2.11,21.49,23.25
2020.09.15 05:40,5.68,2.69,6.92,25.00,11.53,2.12,11.35,18.48
2020.09.15 05:41,9.58,4.61,25.57,24.04,26.18,3.32,12.70,2.55
2020.09.15 05:42,8.60,5.19,6.72,11.13,12.88,1.53,12.89,2.15
2020.09.15 05:43,6.16,4.61,5.28,11.73,12.52,1.35,12.70,2.57
2020.09.15 05:44,3.27,5.12,7.12,13.51,11.35,2.69,10.16,2.74
2020.09.15 05:45,12.31,11.73,10.75,5.58,12.50,3.52,11.73,3.33
2020.09.15 05:46,9.99,13.48,16.34,35.37,26.56,2.89,26.89,3.63
2020.09.15 05:47,12.50,3.13,10.35,11.35,19.73,4.11,5.19,1.92
2020.09.15 05:48,8.40,6.25,11.82,16.99,12.11,1.77,10.96,1.90
2020.09.15 05:49,21.72,5.77,9.42,12.89,12.83,14.62,1.57,2.11
2020.09.15 05:50,8.80,7.62,9.80,15.00,11.29,1.17,5.58,3.62
2020.09.15 05:51,9.04,10.55,15.24,25.39,22.69,0.98,2.93,2.46
2020.09.15 05:52,7.70,6.45,11.33,13.29,10.94,1.54,0.96,1.37
2020.09.15 05:53,2.50,11.72,9.23,13.07,12.12,3.32,2.70,0.98
2020.09.15 05:54,8.40,13.65,9.99,13.06,16.80,2.88,1.37,2.74
2020.09.15 05:55,3.83,13.28,9.18,17.00,11.16,1.92,4.88,1.79
2020.09.15 05:56,6.45,15.77,18.56,25.39,22.69,0.96,0.78,4.70
2020.09.15 05:57,12.70,11.92,7.04,12.32,7.50,3.85,5.18,2.54
2020.09.15 05:58,7.62,11.92,9.97,13.29,13.88,3.46,4.50,3.27
2020.09.15 05:59,18.56,4.42,8.80,12.31,12.70,1.76,2.94,1.59
2020.09.15 06:00,8.08,5.28,12.05,10.00,12.31,7.12,2.12,0.98
2020.09.15 06:01,10.23,5.96,17.69,24.03,22.69,5.47,20.31,2.31
2020.09.15 06:02,12.89,14.45,12.30,12.31,14.99,4.69,1.18,1.77
2020.09.15 06:03,16.15,13.09,7.12,12.31,15.04,1.96,9.77,0.55
2020.09.15 06:04,16.54,1.54,11.33,14.26,15.24,3.13,2.49,3.45
2020.09.15 06:05,7.82,12.89,10.74,13.09,13.48,2.88,1.15,1.71
2020.09.15 06:06,10.35,9.23,15.38,25.57,25.57,2.30,1.57,12.87
2020.09.15 06:07,6.15,13.84,22.27,12.89,10.77,8.46,16.42,1.73
2020.09.15 06:08,8.40,2.93,7.69,17.12,12.51,4.31,1.95,2.74
2020.09.15 06:09,33.85,13.27,9.43,14.07,13.10,5.58,2.88,3.46
2020.09.15 06:10,1.96,14.26,9.19,13.46,14.46,3.27,2.93,15.37
2020.09.15 06:11,32.62,49.02,28.77,45.90,31.76,16.22,2.15,2.31
2020.09.15 06:12,7.69,13.27,5.96,13.28,13.27,2.15,1.57,1.76
2020.09.15 06:13,2.69,7.69,10.94,15.20,9.77,19.14,2.35,2.88
2020.09.15 06:14,2.54,14.06,7.62,13.29,9.58,1.96,2.34,0.77
2020.09.15 06:15,7.31,11.34,8.08,22.46,14.07,2.15,1.57,0.81
2020.09.15 06:16,7.82,12.31,39.32,41.99,22.47,2.74,16.54,4.71
2020.09.15 06:17,4.30,19.04,10.36,14.65,14.65,4.04,3.84,4.50
2020.09.15 06:18,15.04,7.12,8.80,13.27,10.94,1.56,2.55,0.77
2020.09.15 06:19,22.85,5.87,7.50,13.46,13.46,2.54,1.16,1.57
2020.09.15 06:20,11.15,1.73,4.30,9.77,10.16,2.69,1.76,1.57
2020.09.15 06:21,14.65,3.13,13.27,19.14,25.39,3.71,0.76,0.78
2020.09.15 06:22,0.98,2.35,8.40,4.61,13.46,3.71,1.18,2.15
2020.09.15 06:23,4.90,2.16,11.54,9.19,16.35,3.52,3.91,17.01
2020.09.15 06:24,1.37,1.54,11.72,13.84,14.26,1.76,0.98,2.29
2020.09.15 06:25,14.43,0.79,8.99,13.28,15.24,5.19,1.15,4.03
2020.09.15 06:26,20.71,3.22,19.04,24.81,23.46,2.74,2.54,12.11
2020.09.15 06:27,10.95,1.53,9.00,23.24,11.33,5.28,3.32,8.07
2020.09.15 06:28,5.58,0.77,5.58,13.48,15.63,4.10,4.05,2.08
2020.09.15 06:29,22.46,1.37,5.58,8.08,14.28,1.96,2.34,1.37
2020.09.15 06:30,3.71,1.54,23.80,12.70,14.23,4.62,15.05,2.35
2020.09.15 06:31,17.69,2.69,27.48,26.35,21.54,12.70,1.96,1.37
2020.09.15 06:32,25.59,1.57,8.02,12.70,12.50,12.31,20.12,1.71
2020.09.15 06:33,11.54,3.72,11.92,15.43,11.91,6.35,1.76,5.28
2020.09.15 06:34,25.76,1.54,9.80,13.68,13.87,4.42,1.37,2.12
2020.09.15 06:35,2.88,2.35,4.21,9.77,15.82,21.10,2.54,5.69
2020.09.15 06:36,12.69,2.50,15.96,25.00,15.00,3.13,3.65,0.39
2020.09.15 06:37,12.11,1.96,8.01,12.88,5.58,1.54,13.08,1.56
2020.09.15 06:38,13.27,1.57,3.52,13.87,5.19,4.04,2.16,2.55
2020.09.15 06:39,26.37,2.35,10.16,13.28,16.41,0.79,1.54,1.77
2020.09.15 06:40,13.28,2.35,12.31,9.18,18.17,1.73,1.96,17.78
2020.09.15 06:41,5.28,2.69,34.42,28.52,25.38,4.89,3.91,3.91
2020.09.15 06:42,11.92,1.96,11.60,15.40,6.45,2.50,3.52,3.91
2020.09.15 06:43,1.56,1.38,5.96,14.08,10.97,2.89,2.50,3.46
2020.09.15 06:44,19.34,2.30,8.40,2.15,17.31,3.65,12.84,3.65
2020.09.15 06:45,20.19,2.50,11.14,2.35,12.12,2.54,0.58,0.97
2020.09.15 06:46,15.63,3.08,20.32,30.96,25.59,14.26,1.96,2.74
2020.09.15 06:47,16.73,1.18,1.72,1.37,15.82,1.54,2.93,5.28
2020.09.15 06:48,10.55,2.15,8.60,1.17,12.89,1.37,4.30,2.93
2020.09.15 06:49,21.88,1.76,11.13,0.96,13.48,3.26,0.76,0.94
2020.09.15 06:50,16.22,1.76,3.13,1.58,7.42,8.01,0.79,3.65
2020.09.15 06:51,15.43,2.30,9.61,13.87,26.76,1.93,1.34,1.37
2020.09.15 06:52,15.63,0.96,1.18,1.54,11.35,2.35,4.30,4.17
2020.09.15 06:53,22.27,1.73,0.59,1.17,15.05,1.34,0.78,1.96
2020.09.15 06:54,7.42,1.54,5.67,0.20,11.13,1.76,1.73,0.79
2020.09.15 06:55,10.95,2.94,6.84,2.35,9.18,1.56,0.96,2.55
2020.09.15 06:56,16.93,2.74,22.31,13.46,24.24,0.58,1.16,0.97
2020.09.15 06:57,15.63,1.57,15.82,0.98,15.00,3.13,2.04,1.54
2020.09.15 06:58,15.82,0.98,9.38,6.06,14.42,2.54,0.79,0.77
2020.09.15 06:59,31.26,20.19,12.50,1.57,14.45,3.85,1.76,2.74
2020.09.15 07:00,20.31,25.78,33.46,24.04,34.38,1.77,16.91,0.59
2020.09.15 07:01,6.92,2.89,28.53,14.42,19.92,2.50,3.52,1.17
2020.09.15 07:02,8.20,1.92,14.65,16.15,17.19,3.91,0.77,1.34
2020.09.15 07:03,1.73,0.78,10.16,2.74,17.19,17.39,3.52,2.37
2020.09.15 07:04,5.08,0.96,12.31,1.96,13.48,3.27,2.35,4.03
2020.09.15 07:05,4.89,1.37,5.47,6.34,10.96,2.35,2.35,1.92
2020.09.15 07:06,8.99,2.12,21.14,32.39,25.20,2.35,2.93,2.55
2020.09.15 07:07,7.03,2.15,13.09,2.15,14.65,3.65,4.50,2.52
2020.09.15 07:08,4.42,0.78,1.92,11.72,14.23,1.54,2.34,0.79
2020.09.15 07:09,17.78,0.96,14.04,1.76,12.31,2.11,19.54,2.96
2020.09.15 07:10,6.15,2.89,13.47,1.93,14.26,2.54,13.65,1.37
2020.09.15 07:11,2.74,1.92,1.55,13.49,27.74,1.56,23.46,3.91
2020.09.15 07:12,5.20,3.27,11.73,0.98,5.39,0.77,0.77,2.70
2020.09.15 07:13,4.30,1.15,13.46,0.96,12.89,1.76,0.95,20.68
2020.09.15 07:14,0.38,13.48,9.81,0.78,11.92,1.73,0.78,2.12
2020.09.15 07:15,5.67,0.57,12.92,2.54,11.73,1.92,0.39,2.36
2020.09.15 07:16,3.91,2.84,33.21,30.28,23.05,2.35,2.93,2.93
2020.09.15 07:17,3.47,12.31,12.31,0.96,14.06,3.66,0.38,0.59
2020.09.15 07:18,5.08,0.59,10.77,1.37,26.37,3.13,14.06,2.49
2020.09.15 07:19,14.04,1.35,11.93,1.18,7.69,5.00,0.79,1.57
2020.09.15 07:20,5.67,1.96,12.70,1.57,26.92,5.20,0.79,1.99
2020.09.15 07:21,2.50,2.88,19.04,12.31,14.42,1.35,1.15,1.96
2020.09.15 07:22,12.31,3.47,12.32,0.79,16.41,3.46,0.39,1.33
2020.09.15 07:23,0.40,1.37,10.19,2.74,9.77,2.89,0.97,3.09
2020.09.15 07:24,5.96,1.18,11.52,3.32,15.83,3.27,1.77,3.27
2020.09.15 07:25,4.11,0.77,9.42,3.85,13.10,5.48,3.72,4.81
2020.09.15 07:26,12.11,2.93,11.93,13.87,24.61,3.85,2.12,22.29
2020.09.15 07:27,4.91,3.13,9.77,1.74,13.29,2.16,3.33,3.93
2020.09.15 07:28,10.35,2.35,0.59,1.57,15.77,6.16,3.33,10.53
2020.09.15 07:29,18.85,0.59,5.08,1.37,10.35,1.37,2.35,1.19
2020.09.15 07:30,6.15,1.18,3.66,2.35,13.48,4.69,7.31,3.55
2020.09.15 07:31,5.67,2.35,15.95,31.25,24.42,1.96,1.76,1.92
2020.09.15 07:32,15.82,1.96,12.70,1.63,10.00,3.85,2.35,4.33
2020.09.15 07:33,8.41,2.15,2.15,1.37,11.14,1.57,5.28,3.71
2020.09.15 07:34,2.31,1.73,12.31,0.78,14.04,3.13,5.86,5.87
2020.09.15 07:35,4.62,1.76,12.89,1.73,19.81,7.69,2.35,2.94
2020.09.15 07:36,1.37,4.42,23.05,14.04,25.59,5.08,1.57,14.69
2020.09.15 07:37,22.12,12.50,11.73,1.73,2.54,1.53,5.18,3.50
2020.09.15 07:38,8.21,2.70,12.50,16.80,5.47,3.27,2.22,2.89
2020.09.15 07:39,23.25,3.33,13.28,1.57,16.21,1.96,5.00,1.78
2020.09.15 07:40,8.08,1.38,12.69,0.98,14.65,0.77,0.59,18.18
2020.09.15 07:41,5.08,3.66,27.88,14.85,24.03,4.30,0.77,2.12
2020.09.15 07:42,6.06,0.98,11.14,2.15,14.26,1.95,0.20,0.79
2020.09.15 07:43,3.52,0.98,14.65,10.77,14.61,5.86,0.96,3.65
2020.09.15 07:44,1.76,7.50,9.42,2.50,4.42,5.27,1.38,4.36
2020.09.15 07:45,17.89,5.00,24.62,1.18,14.42,3.13,1.17,2.36
2020.09.15 07:46,10.00,2.69,3.13,13.46,22.31,3.08,1.72,3.13
2020.09.15 07:47,7.62,0.58,0.78,1.37,12.11,2.15,16.73,3.07
2020.09.15 07:48,5.96,0.79,0.57,0.77,0.39,4.89,3.46,0.40
2020.09.15 07:49,21.68,1.18,1.17,1.37,4.23,4.62,3.07,3.13
2020.09.15 07:50,10.58,0.77,0.51,1.17,18.65,4.88,1.96,14.67
2020.09.15 07:51,10.96,2.30,5.07,14.81,13.87,6.06,0.98,4.30
2020.09.15 07:52,11.72,3.91,0.39,1.37,1.76,3.91,15.77,4.50
2020.09.15 07:53,9.18,4.69,0.96,2.12,3.52,4.69,0.99,2.94
2020.09.15 07:54,8.01,0.98,0.59,1.37,0.59,20.91,13.85,1.96
2020.09.15 07:55,4.62,1.37,1.17,1.56,0.96,3.27,2.54,3.52
2020.09.15 07:56,7.42,3.08,4.23,13.64,15.00,5.39,0.99,4.40
2020.09.15 07:57,6.25,1.93,1.35,0.98,0.79,13.46,14.80,10.75
2020.09.15 07:58,6.06,2.15,2.55,0.77,4.50,5.28,1.76,2.74
2020.09.15 07:59,25.59,1.57,1.96,13.09,5.77,1.15,2.11,2.74
2020.09.15 08:00,4.04,1.37,15.98,29.10,1.95,1.54,2.54,3.46
2020.09.15 08:01,6.45,2.30,26.37,13.68,13.28,3.32,1.92,2.35
2020.09.15 08:02,9.57,2.31,11.72,1.92,2.50,2.15,20.12,7.04
2020.09.15 08:03,20.46,3.46,0.79,0.59,1.76,4.49,2.93,3.84
2020.09.15 08:04,5.28,0.38,2.49,1.57,0.78,1.96,3.33,1.92
2020.09.15 08:05,1.57,0.39,2.35,0.98,4.50,1.76,2.30,0.77
2020.09.15 08:06,10.01,3.27,2.74,14.23,13.68,1.37,0.98,0.96
2020.09.15 08:07,4.10,2.94,0.59,1.34,2.54,3.32,0.40,0.77
2020.09.15 08:08,0.98,0.79,0.98,1.37,1.35,3.07,5.00,2.28
2020.09.15 08:09,20.31,0.79,0.59,0.60,5.96,0.96,1.56,0.79
2020.09.15 08:10,15.43,1.57,0.59,0.59,2.50,2.74,2.35,1.14
2020.09.15 08:11,9.42,2.93,1.96,13.46,13.07,1.54,0.98,19.67
2020.09.15 08:12,5.67,2.35,0.77,1.57,5.77,2.12,1.76,3.06
2020.09.15 08:13,6.45,2.12,0.59,17.78,1.34,1.17,1.57,0.96
2020.09.15 08:14,9.59,1.35,1.53,1.91,1.17,1.76,2.35,1.54
2020.09.15 08:15,6.84,1.54,1.16,1.73,2.50,1.55,0.98,1.30
2020.09.15 08:16,11.92,2.50,5.00,12.69,13.07,1.95,1.38,2.29
2020.09.15 08:17,10.55,0.38,1.54,1.95,1.76,1.73,1.38,4.74
2020.09.15 08:18,4.42,1.37,1.15,0.78,6.16,1.92,2.15,0.59
2020.09.15 08:19,22.12,1.37,1.76,1.76,5.47,3.91,3.71,3.06
2020.09.15 08:20,5.67,5.28,1.15,14.08,6.92,3.71,1.54,1.38
2020.09.15 08:21,9.18,2.88,2.54,13.87,13.47,2.69,1.56,1.59
2020.09.15 08:22,5.47,0.77,1.57,1.54,2.31,2.35,16.41,6.15
2020.09.15 08:23,12.31,2.74,0.98,4.30,2.93,4.81,2.94,3.85
2020.09.15 08:24,11.93,1.96,0.96,0.40,1.37,16.15,2.15,2.08
2020.09.15 08:25,6.65,0.58,1.54,1.57,1.57,3.65,3.52,1.31
2020.09.15 08:26,9.04,2.31,2.70,12.69,16.16,2.15,2.36,0.94
2020.09.15 08:27,5.08,3.91,2.54,1.15,1.54,1.96,1.15,2.11
2020.09.15 08:28,10.94,2.54,0.20,3.91,2.16,1.57,1.15,0.59
2020.09.15 08:29,17.00,2.11,0.58,2.12,4.62,2.11,1.16,3.32
2020.09.15 08:30,0.59,0.38,1.37,1.57,1.57,4.10,1.56,2.93
2020.09.15 08:31,10.00,3.71,2.74,31.15,14.44,2.54,2.35,3.08
2020.09.15 08:32,10.39,3.08,2.35,1.73,16.80,1.17,1.37,1.14
2020.09.15 08:33,10.00,1.17,0.59,3.34,1.37,3.65,0.77,1.36
2020.09.15 08:34,9.81,2.34,1.76,1.37,1.56,1.73,0.59,2.15
2020.09.15 08:35,9.42,4.80,1.73,2.15,2.09,3.13,2.74,1.91
2020.09.15 08:36,0.39,3.12,15.43,14.23,13.67,2.88,2.50,15.79
2020.09.15 08:37,5.58,1.95,15.63,1.34,3.46,1.57,0.59,1.00
2020.09.15 08:38,7.88,1.74,1.56,16.22,2.35,1.92,1.57,0.76
2020.09.15 08:39,20.71,1.53,1.76,2.93,9.04,2.54,1.17,15.43
2020.09.15 08:40,5.58,3.13,0.80,1.17,0.96,1.35,1.77,2.15
2020.09.15 08:41,7.43,3.32,4.69,15.05,12.90,1.92,0.95,2.10
2020.09.15 08:42,9.77,2.54,1.92,2.15,1.92,14.26,2.35,0.20
2020.09.15 08:43,4.69,14.26,1.17,1.73,2.12,18.95,2.15,1.39
2020.09.15 08:44,10.16,2.74,0.78,5.47,1.73,2.74,7.82,2.55
2020.09.15 08:45,9.42,3.71,1.15,1.37,0.96,4.30,0.78,1.58
2020.09.15 08:46,8.65,8.65,12.31,12.12,15.39,3.71,1.91,6.06
2020.09.15 08:47,7.62,3.91,3.13,0.78,4.04,1.57,7.62,17.22
2020.09.15 08:48,7.23,4.49,2.69,6.06,2.12,1.37,0.78,2.27
2020.09.15 08:49,17.58,20.91,9.97,0.96,13.26,1.37,0.98,0.94
2020.09.15 08:50,7.23,0.98,20.00,0.59,2.35,17.11,1.18,0.79
2020.09.15 08:51,3.91,2.08,24.43,14.45,15.19,2.15,1.73,1.18
2020.09.15 08:52,6.35,0.38,3.79,2.88,0.59,2.15,2.89,2.55
2020.09.15 08:53,10.18,2.74,2.93,2.69,3.85,2.31,4.11,1.37
2020.09.15 08:54,19.73,0.78,2.74,0.77,6.26,3.32,5.18,2.89
2020.09.15 08:55,11.33,1.73,0.98,1.57,1.37,3.08,18.08,2.88
2020.09.15 08:56,1.01,3.27,3.13,14.62,13.09,2.15,3.13,13.87
2020.09.15 08:57,5.47,13.09,1.56,1.54,3.13,2.12,1.73,1.97
2020.09.15 08:58,10.58,2.31,0.96,0.98,1.35,0.98,2.12,1.18
2020.09.15 08:59,16.80,1.53,0.38,1.35,37.69,1.76,2.31,1.94
2020.09.15 09:00,10.94,4.69,1.34,2.15,3.27,5.39,2.35,2.93
2020.09.15 09:01,6.54,3.32,2.88,26.73,13.84,1.37,1.89,1.18
2020.09.15 09:02,9.62,0.59,1.37,2.35,12.69,3.91,1.15,0.58
2020.09.15 09:03,12.12,1.96,1.35,1.18,0.39,3.52,0.39,0.54
2020.09.15 09:04,1.76,2.50,1.37,1.15,0.96,3.85,1.35,2.29
2020.09.15 09:05,4.89,0.98,0.96,1.37,0.78,1.91,1.18,2.29
2020.09.15 09:06,4.69,3.08,3.13,14.26,13.08,12.89,1.17,1.37
2020.09.15 09:07,18.85,1.17,4.49,12.30,1.17,2.54,3.72,4.13
2020.09.15 09:08,9.96,1.57,0.59,2.89,0.96,0.96,0.97,1.33
2020.09.15 09:09,23.83,6.16,1.37,2.50,5.19,4.23,1.77,4.81
2020.09.15 09:10,4.70,1.15,1.54,2.74,2.15,4.69,2.74,6.50
2020.09.15 09:11,8.21,4.61,3.91,15.96,28.65,5.19,2.69,5.86
2020.09.15 09:12,6.25,2.35,1.57,1.35,1.37,2.31,14.60,4.01
2020.09.15 09:13,7.31,0.59,1.77,1.35,4.10,1.76,4.24,3.13
2020.09.15 09:14,17.69,0.79,1.37,1.35,1.57,2.93,0.59,3.53
2020.09.15 09:15,10.55,2.93,0.96,1.16,2.15,2.36,3.33,16.43
2020.09.15 09:16,0.58,18.75,19.23,28.85,16.02,4.30,1.92,5.67
2020.09.15 09:17,5.39,2.50,0.76,13.68,2.74,3.52,1.73,3.54
2020.09.15 09:18,10.39,3.13,16.35,0.79,1.54,5.18,1.37,1.76
2020.09.15 09:19,13.67,2.12,1.56,12.70,4.92,1.57,0.40,1.92
2020.09.15 09:20,12.70,1.77,0.59,0.77,3.08,4.69,2.15,4.24
2020.09.15 09:21,12.90,2.50,3.52,12.51,13.87,2.69,1.96,0.96
2020.09.15 09:22,4.81,2.54,2.74,8.47,0.96,2.15,0.75,3.51
2020.09.15 09:23,9.18,2.50,1.15,16.21,1.17,6.84,0.79,0.98
2020.09.15 09:24,1.54,1.18,0.39,0.78,12.50,1.56,0.95,0.59
2020.09.15 09:25,8.99,1.35,0.98,1.16,2.54,2.31,0.39,0.59
2020.09.15 09:26,12.70,5.00,2.93,13.66,14.26,0.78,0.78,1.09
2020.09.15 09:27,5.28,13.29,3.07,1.57,7.62,2.55,1.39,4.30
2020.09.15 09:28,8.99,9.77,0.77,4.69,1.96,3.46,17.00,2.32
2020.09.15 09:29,14.26,1.54,0.98,12.50,6.45,2.69,1.17,2.47
2020.09.15 09:30,6.54,0.97,2.15,2.74,3.13,2.93,2.31,2.84
2020.09.15 09:31,0.79,2.50,6.25,14.06,12.50,3.46,0.95,2.11
2020.09.15 09:32,9.28,14.65,0.80,2.94,15.44,12.89,0.58,2.35
2020.09.15 09:33,7.50,2.93,0.77,1.76,1.76,3.27,2.74,3.43
2020.09.15 09:34,13.65,2.93,0.98,1.54,0.98,0.98,1.37,4.92
2020.09.15 09:35,1.92,2.15,1.20,1.96,1.73,2.70,1.37,2.48
2020.09.15 09:36,12.12,1.92,2.31,13.27,11.54,1.17,1.56,2.93
2020.09.15 09:37,6.73,7.23,1.18,0.59,1.56,2.54,3.58,2.66
2020.09.15 09:38,10.00,0.59,2.50,2.54,1.16,2.54,3.08,1.37
2020.09.15 09:39,34.18,4.81,0.59,1.16,3.72,1.54,1.57,2.67
2020.09.15 09:40,10.74,1.15,0.59,0.78,1.73,6.25,5.67,21.88
2020.09.15 09:41,7.82,2.31,3.71,14.08,13.85,15.43,0.39,3.43
2020.09.15 09:42,5.00,2.74,2.49,1.34,1.17,1.96,3.46,4.52
2020.09.15 09:43,9.04,4.81,0.98,19.81,2.54,2.50,1.57,4.60
2020.09.15 09:44,9.38,11.53,0.79,2.74,0.77,4.03,2.16,4.69
2020.09.15 09:45,34.42,3.85,1.92,2.74,1.37,1.92,0.59,3.72
2020.09.15 09:46,5.73,3.85,28.91,14.26,12.11,2.74,1.57,4.30
2020.09.15 09:47,13.28,3.66,2.35,2.50,1.38,1.18,1.73,5.11
2020.09.15 09:48,0.58,1.77,1.93,1.56,1.16,1.76,1.18,1.88
2020.09.15 09:49,17.19,1.76,1.57,5.03,7.81,1.93,1.54,4.69
2020.09.15 09:50,11.56,1.76,1.37,14.85,12.11,2.15,1.76,2.56
2020.09.15 09:51,6.06,8.65,3.15,19.23,14.07,2.53,1.72,11.59
2020.09.15 09:52,19.73,0.59,2.15,2.54,10.94,2.35,1.37,5.68
2020.09.15 09:53,6.45,1.57,1.96,2.50,2.94,3.32,2.30,2.37
2020.09.15 09:54,7.31,0.98,1.35,2.15,1.16,2.69,0.59,2.69
2020.09.15 09:55,8.99,1.54,5.77,3.13,2.31,1.92,1.33,2.94
2020.09.15 09:56,11.33,3.72,11.54,12.88,14.62,3.32,1.54,0.79
2020.09.15 09:57,6.06,1.57,11.53,12.31,0.00,0.80,2.35,1.54
2020.09.15 09:58,1.54,1.96,0.59,0.77,1.37,0.96,2.50,1.57
2020.09.15 09:59,22.69,2.35,1.18,2.11,5.58,1.76,2.16,2.74
2020.09.15 10:00,9.62,1.34,1.77,0.78,2.35,2.15,3.52,1.74
2020.09.15 10:01,7.23,2.54,8.60,13.67,17.88,4.69,1.17,16.41
2020.09.15 10:02,20.51,1.76,19.34,0.81,21.92,2.50,3.52,0.97
2020.09.15 10:03,2.74,3.84,0.96,1.74,3.27,3.71,3.46,1.96
2020.09.15 10:04,8.02,1.34,0.20,1.35,1.73,11.14,0.79,2.15
2020.09.15 10:05,10.39,1.76,1.54,1.73,1.73,1.73,4.89,2.55
2020.09.15 10:06,21.35,3.52,8.07,13.09,12.89,1.37,13.46,10.94
2020.09.15 10:07,6.15,3.66,11.14,6.45,2.35,2.31,1.35,2.10
2020.09.15 10:08,0.39,1.57,0.96,14.06,2.15,4.11,9.57,2.08
2020.09.15 10:09,18.56,1.73,1.96,2.15,4.69,3.91,2.15,1.37
2020.09.15 10:10,7.62,1.37,1.73,2.15,5.08,4.30,2.93,16.80
2020.09.15 10:11,6.35,1.34,3.13,15.19,14.45,3.85,0.98,2.74
2020.09.15 10:12,11.34,2.54,2.50,2.93,2.35,3.27,2.35,9.43
2020.09.15 10:13,6.25,1.96,1.18,1.73,2.54,2.35,2.55,1.73
2020.09.15 10:14,12.89,3.13,1.37,4.23,2.31,3.71,4.43,3.03
2020.09.15 10:15,3.91,1.57,0.98,1.54,1.73,4.69,0.99,1.18
2020.09.15 10:16,8.60,2.50,1.56,17.31,13.66,2.50,1.54,2.11
2020.09.15 10:17,11.92,2.74,0.20,1.13,25.58,3.52,3.52,1.14
2020.09.15 10:18,9.77,1.54,1.34,1.76,14.80,2.93,1.54,0.98
2020.09.15 10:19,20.58,1.18,0.40,0.77,4.50,2.15,0.40,16.64
2020.09.15 10:20,10.24,1.96,1.16,2.12,2.89,4.62,1.56,3.34
2020.09.15 10:21,5.67,6.54,5.00,14.07,12.11,2.35,4.70,2.89
2020.09.15 10:22,5.67,2.12,0.40,0.96,1.54,1.73,2.12,15.24
2020.09.15 10:23,0.98,0.78,3.91,1.08,2.11,1.72,3.32,0.59
2020.09.15 10:24,0.79,10.16,1.56,0.98,4.69,26.57,7.05,4.30
2020.09.15 10:25,5.08,1.54,2.12,0.98,0.79,4.89,4.30,5.38
2020.09.15 10:26,9.57,2.93,3.32,12.31,13.65,1.18,2.94,5.01
2020.09.15 10:27,5.08,4.30,2.89,5.47,3.52,0.59,2.94,0.94
2020.09.15 10:28,6.46,3.13,2.31,0.58,1.56,1.34,2.12,1.90
2020.09.15 10:29,22.69,2.74,2.74,1.96,5.24,1.57,19.80,20.19
2020.09.15 10:30,10.94,1.15,2.17,0.79,1.55,3.27,1.37,1.76
2020.09.15 10:31,10.00,4.23,4.69,17.38,14.03,1.35,1.92,6.67
2020.09.15 10:32,12.12,3.33,1.92,2.74,1.96,1.76,1.17,3.27
2020.09.15 10:33,1.35,0.77,0.59,0.59,1.74,1.92,0.59,3.65
2020.09.15 10:34,1.36,1.37,1.15,1.37,14.27,12.51,1.96,1.13
2020.09.15 10:35,6.64,1.35,0.59,2.93,3.27,3.14,1.92,2.35
2020.09.15 10:36,7.31,2.50,1.54,13.09,15.24,2.69,1.57,1.16
2020.09.15 10:37,7.81,0.79,7.43,1.76,8.40,1.72,1.18,1.96
2020.09.15 10:38,10.74,4.30,0.38,1.96,3.65,3.32,3.91,4.30
2020.09.15 10:39,23.05,1.96,0.39,1.54,9.62,2.35,11.33,0.72
2020.09.15 10:40,5.00,4.69,0.78,1.76,1.57,2.29,2.94,20.19
2020.09.15 10:41,2.11,2.86,15.63,14.06,16.02,2.15,3.32,4.31
2020.09.15 10:42,17.99,3.91,0.78,1.17,2.31,7.82,3.91,0.79
2020.09.15 10:43,6.73,0.98,2.15,3.91,3.46,2.15,11.73,1.54
2020.09.15 10:44,10.36,2.11,1.15,1.15,1.37,3.84,2.93,2.10
2020.09.15 10:45,5.67,2.15,0.98,1.56,0.78,3.46,4.30,3.72
2020.09.15 10:46,13.09,3.27,1.37,13.66,12.31,2.15,2.54,27.36
2020.09.15 10:47,16.35,4.42,1.35,2.54,2.15,3.52,29.03,0.59
2020.09.15 10:48,6.25,2.69,0.98,1.17,1.76,2.50,0.20,0.98
2020.09.15 10:49,19.42,1.18,4.50,0.39,29.69,3.52,2.30,1.76
2020.09.15 10:50,5.96,2.93,2.69,2.34,1.54,2.74,0.99,1.93
2020.09.15 10:51,6.92,1.76,0.61,15.24,13.46,1.56,6.13,1.29
2020.09.15 10:52,9.38,3.91,1.17,0.59,2.74,3.52,0.98,16.92
2020.09.15 10:53,0.77,1.56,0.98,13.87,0.98,1.17,1.91,2.93
2020.09.15 10:54,9.57,3.33,1.76,3.13,2.54,3.38,2.74,2.12
2020.09.15 10:55,5.86,1.37,0.58,10.39,1.54,1.54,1.54,0.79
2020.09.15 10:56,7.81,2.88,2.74,13.09,16.22,4.30,1.54,10.96
2020.09.15 10:57,5.39,3.52,0.59,1.17,10.75,5.00,2.54,1.52
2020.09.15 10:58,7.89,3.13,0.96,0.96,0.59,5.08,1.54,1.92
2020.09.15 10:59,23.27,6.16,2.74,1.37,4.23,7.69,1.92,1.93
2020.09.15 11:00,9.80,1.37,3.27,7.82,1.37,2.93,13.11,0.79
2020.09.15 11:01,0.20,3.85,3.52,13.48,14.42,5.47,2.74,2.35
2020.09.15 11:02,7.03,11.33,1.37,1.55,1.92,3.91,0.59,3.32
2020.09.15 11:03,9.57,2.89,2.54,1.18,19.62,2.93,0.78,0.43
2020.09.15 11:04,8.66,2.31,3.71,1.36,3.13,5.47,0.78,2.74
2020.09.15 11:05,5.39,4.42,1.18,6.15,2.54,3.91,1.35,1.72
2020.09.15 11:06,7.62,2.50,1.76,14.26,14.81,4.62,2.35,3.91
2020.09.15 11:07,11.73,1.96,19.34,3.15,1.93,3.46,1.37,1.17
2020.09.15 11:08,9.77,1.92,0.97,15.04,2.50,5.96,1.73,3.72
2020.09.15 11:09,19.53,1.73,2.18,1.56,6.15,3.32,4.89,3.28
2020.09.15 11:10,5.19,1.92,0.59,2.34,2.31,6.73,2.75,22.89
2020.09.15 11:11,12.50,3.46,5.28,14.07,12.86,1.57,1.77,1.17
2020.09.15 11:12,10.79,3.08,1.17,8.01,1.17,1.95,17.40,2.93
2020.09.15 11:13,1.92,2.93,1.74,6.35,1.35,5.96,5.96,2.16
2020.09.15 11:14,23.63,0.77,0.20,0.38,2.50,36.73,3.53,1.35
2020.09.15 11:15,6.07,1.15,3.27,0.96,2.15,6.45,0.57,18.80
2020.09.15 11:16,8.61,3.07,7.42,13.47,12.88,3.13,1.96,1.99
2020.09.15 11:17,12.12,1.96,1.72,0.79,3.13,3.13,12.50,0.79
2020.09.15 11:18,6.45,2.30,1.92,0.38,15.44,0.77,1.18,1.54
2020.09.15 11:19,22.67,1.18,0.60,1.76,3.33,1.96,1.37,1.77
2020.09.15 11:20,11.53,1.57,0.99,1.53,1.57,3.85,1.18,0.98
2020.09.15 11:21,7.69,2.88,15.63,12.93,15.00,2.97,0.98,4.04
2020.09.15 11:22,12.12,1.54,0.22,12.70,0.98,2.93,1.38,3.73
2020.09.15 11:23,8.85,1.76,1.15,18.64,0.78,1.74,2.94,2.15
2020.09.15 11:24,20.32,1.77,1.34,0.78,1.57,16.81,0.77,1.14
2020.09.15 11:25,4.89,0.78,0.98,1.76,4.50,2.55,1.38,0.96
2020.09.15 11:26,6.15,4.10,0.76,14.07,13.29,1.96,1.37,1.14
2020.09.15 11:27,12.31,0.79,12.12,1.35,1.35,1.53,6.06,1.76
2020.09.15 11:28,5.67,0.98,1.57,2.89,2.31,4.43,2.15,2.94
2020.09.15 11:29,24.03,1.96,0.96,14.65,3.08,3.52,1.77,1.96
2020.09.15 11:30,7.03,0.78,2.93,1.77,1.96,1.76,1.96,2.15
2020.09.15 11:31,10.18,1.17,21.69,12.70,13.88,1.93,1.54,4.69
2020.09.15 11:32,6.16,3.53,2.11,1.37,1.17,6.46,14.62,2.35
2020.09.15 11:33,11.93,3.32,1.76,0.98,1.52,2.15,18.56,1.57
2020.09.15 11:34,4.89,1.54,1.76,1.37,1.18,16.41,1.48,1.38
2020.09.15 11:35,10.75,1.56,2.52,0.80,2.89,16.02,3.46,3.26
2020.09.15 11:36,9.39,3.65,9.03,13.46,13.48,13.85,1.58,17.60
2020.09.15 11:37,5.57,1.77,1.17,8.01,1.18,6.25,3.13,4.86
2020.09.15 11:38,7.62,2.89,2.36,1.18,1.54,2.35,3.46,1.93
2020.09.15 11:39,21.92,0.59,1.93,1.38,7.23,4.50,18.17,0.99
2020.09.15 11:40,7.69,17.00,2.74,6.65,0.96,1.95,0.58,1.58
2020.09.15 11:41,19.73,2.15,2.15,13.29,12.89,1.76,1.18,2.16
2020.09.15 11:42,6.26,2.35,7.67,1.55,1.37,1.18,1.92,5.78
2020.09.15 11:43,7.12,2.94,0.97,1.93,6.35,1.18,0.98,2.70
2020.09.15 11:44,8.60,3.13,0.40,4.30,1.54,3.27,16.80,1.53
2020.09.15 11:45,10.36,0.99,0.96,2.50,1.35,1.16,0.59,3.77
2020.09.15 11:46,5.77,2.93,2.31,13.68,18.36,1.35,0.40,3.13
2020.09.15 11:47,5.76,2.85,0.96,3.08,2.93,2.93,20.71,1.58
2020.09.15 11:48,7.87,2.55,14.47,1.73,13.67,2.12,2.36,2.75
2020.09.15 11:49,13.68,1.76,0.59,1.57,4.60,18.17,1.76,1.74
2020.09.15 11:50,9.23,0.96,1.17,1.93,2.31,1.38,1.16,2.50
2020.09.15 11:51,11.54,2.54,16.35,14.26,12.50,0.79,1.96,15.43
2020.09.15 11:52,6.64,2.54,2.31,2.12,2.31,3.27,1.96,27.48
2020.09.15 11:53,30.86,17.11,0.39,19.14,4.10,1.15,0.98,4.41
2020.09.15 11:54,10.75,2.74,0.59,0.79,3.07,2.64,1.33,3.17
2020.09.15 11:55,5.28,0.59,4.11,2.54,3.13,2.35,0.78,2.96
2020.09.15 11:56,8.79,2.50,0.96,13.87,15.04,2.16,0.87,2.74
2020.09.15 11:57,6.45,1.16,1.17,4.89,5.38,4.10,3.72,2.15
2020.09.15 11:58,1.35,1.35,3.66,0.77,1.57,3.91,18.17,1.73
2020.09.15 11:59,22.27,1.96,1.18,1.57,2.88,4.81,1.95,1.37
2020.09.15 12:00,7.96,2.50,0.97,27.54,0.96,3.27,0.40,0.39
2020.09.15 12:01,2.31,5.08,18.96,12.89,12.11,4.10,1.57,3.71
2020.09.15 12:02,9.97,6.06,5.09,2.12,1.93,3.72,1.37,1.33
2020.09.15 12:03,8.66,1.37,3.27,0.40,2.15,2.93,3.72,4.04
2020.09.15 12:04,10.77,0.59,0.98,0.78,1.92,20.19,2.35,16.24
2020.09.15 12:05,5.91,0.96,0.98,2.12,3.65,1.57,2.54,6.31
2020.09.15 12:06,8.20,2.94,0.98,14.26,13.85,5.28,1.37,3.92
2020.09.15 12:07,8.59,3.27,0.79,1.18,1.76,1.66,0.59,4.81
2020.09.15 12:08,5.08,1.18,1.16,0.40,1.35,2.12,1.76,4.69
2020.09.15 12:09,18.16,3.13,0.77,4.49,3.84,6.06,1.96,19.03
2020.09.15 12:10,4.23,1.17,2.31,10.96,0.39,2.35,0.78,3.06
2020.09.15 12:11,8.79,2.31,2.69,14.49,13.09,6.45,0.98,6.07
2020.09.15 12:12,4.81,2.30,8.21,2.94,0.59,1.96,1.38,6.06
2020.09.15 12:13,6.26,1.56,1.53,1.18,0.98,3.91,1.17,1.52
2020.09.15 12:14,7.69,1.15,2.74,1.74,0.79,5.86,0.96,0.59
2020.09.15 12:15,6.25,0.79,0.59,5.39,2.93,2.93,2.15,1.73
2020.09.15 12:16,12.31,3.08,2.35,16.22,13.28,4.89,1.76,5.11
2020.09.15 12:17,4.69,1.18,1.96,2.47,3.32,4.03,1.76,4.51
2020.09.15 12:18,7.03,2.74,1.18,11.18,1.96,0.20,17.39,3.72
2020.09.15 12:19,20.58,0.98,3.72,1.76,11.54,14.06,13.28,1.97
2020.09.15 12:20,6.80,2.70,0.40,2.82,13.09,0.96,1.93,1.96
2020.09.15 12:21,9.38,3.32,0.97,12.90,13.08,0.78,1.35,3.91
2020.09.15 12:22,7.43,4.30,2.94,1.96,2.74,2.89,0.98,5.21
2020.09.15 12:23,8.46,0.00,0.59,0.97,1.74,1.57,1.57,0.72
2020.09.15 12:24,21.48,1.35,0.58,1.16,1.37,2.12,1.73,1.96
2020.09.15 12:25,5.08,0.98,0.39,0.96,0.77,0.98,0.79,1.32
2020.09.15 12:26,8.07,2.31,0.96,14.41,14.81,3.52,2.55,3.66
2020.09.15 12:27,4.30,1.96,1.35,0.97,0.78,1.73,15.24,15.63
2020.09.15 12:28,0.59,1.37,0.39,0.97,11.91,2.15,1.92,1.26
